[{"model": "documents.document", "pk": 1, "fields": {"name": "Plan de Accesibilidad La Rinconada", "pdf_file": "", "ubication": "La Rinconada", "status": "Borrador", "professionals": [1, 2, 3, 4, 5, 6, 7, 8, 9, 10, 11, 12], "suggestion_start_date": "2023-11-26T00:00:00Z", "suggestion_end_date": "2023-04-28T00:00:00Z", "voting_start_date": "2023-09-11T00:00:00Z", "voting_end_date": "2023-05-29T00:00:00Z"}}, {"model": "documents.document", "pk": 2, "fields": {"name": "Plan de Accesibilidad Camas", "pdf_file": "", "ubication": "Camas", "status": "Aportaciones", "professionals": [1, 2, 3, 4, 5], "suggestion_start_date": "2024-02-14T00:00:00Z", "suggestion_end_date": "2023-10-22T00:00:00Z", "voting_start_date": "2023-11-04T00:00:00Z", "voting_end_date": "2023-04-16T00:00:00Z"}}, {"model": "documents.document", "pk": 3, "fields": {"name": "Plan de Accesibilidad Los Palacios y Villafranca", "pdf_file": "", "ubication": "Los Palacios y Villafranca", "status": "Votaciones", "professionals": [1, 3, 7], "suggestion_start_date": "2023-11-09T00:00:00Z", "suggestion_end_date": "2023-05-21T00:00:00Z", "voting_start_date": "2023-04-23T00:00:00Z", "voting_end_date": "2023-11-10T00:00:00Z"}}, {"model": "documents.document", "pk": 4, "fields": {"name": "Plan de Accesibilidad Carmona", "pdf_file": "", "ubication": "Carmona", "status": "En revisi\u00f3n", "professionals": [1, 6, 8, 9, 10, 11, 13, 14], "suggestion_start_date": "2024-01-09T00:00:00Z", "suggestion_end_date": "2023-10-25T00:00:00Z", "voting_start_date": "2023-04-12T00:00:00Z", "voting_end_date": "2023-09-17T00:00:00Z"}}, {"model": "documents.document", "pk": 5, "fields": {"name": "Plan de Accesibilidad Dos Hermanas", "pdf_file": "", "ubication": "Dos Hermanas", "status": "Revisado", "professionals": [1, 15, 16, 17, 18], "suggestion_start_date": "2023-09-09T00:00:00Z", "suggestion_end_date": "2023-10-08T00:00:00Z", "voting_start_date": "2023-11-17T00:00:00Z", "voting_end_date": "2023-08-27T00:00:00Z"}}, {"model": "documents.document", "pk": 6, "fields": {"name": "Plan de Accesibilidad La Algaba", "pdf_file": "", "ubication": "La Algaba", "status": "Borrador", "professionals": [1, 5, 7, 10, 12], "suggestion_start_date": "2024-02-21T00:00:00Z", "suggestion_end_date": "2023-11-05T00:00:00Z", "voting_start_date": "2023-12-26T00:00:00Z", "voting_end_date": "2023-09-21T00:00:00Z"}}, {"model": "documents.document", "pk": 7, "fields": {"name": "Plan de Accesibilidad Utrera", "pdf_file": "", "ubication": "Utrera", "status": "Aportaciones", "professionals": [1, 3, 5, 7, 11, 15, 17, 18], "suggestion_start_date": "2024-02-23T00:00:00Z", "suggestion_end_date": "2023-04-03T00:00:00Z", "voting_start_date": "2023-03-19T00:00:00Z", "voting_end_date": "2023-12-01T00:00:00Z"}}, {"model": "documents.document", "pk": 8, "fields": {"name": "Plan de Accesibilidad Brenes", "pdf_file": "", "ubication": "Brenes", "status": "Votaciones", "professionals": [1, 4, 6, 8, 10, 13], "suggestion_start_date": "2023-05-24T00:00:00Z", "suggestion_end_date": "2023-12-10T00:00:00Z", "voting_start_date": "2023-06-17T00:00:00Z", "voting_end_date": "2023-04-26T00:00:00Z"}}, {"model": "documents.document", "pk": 9, "fields": {"name": "Plan de Accesibilidad Alcal\u00e1 de Guada\u00edra", "pdf_file": "", "ubication": "Alcal\u00e1 de Guada\u00edra", "status": "En revisi\u00f3n", "professionals": [1, 2, 3, 9], "suggestion_start_date": "2024-01-31T00:00:00Z", "suggestion_end_date": "2023-04-17T00:00:00Z", "voting_start_date": "2023-10-15T00:00:00Z", "voting_end_date": "2024-01-24T00:00:00Z"}}, {"model": "documents.document", "pk": 10, "fields": {"name": "Plan de Accesibilidad Osuna", "pdf_file": "pdfs/Plan-de-Accesibilidad-Osuna.pdf", "ubication": "Osuna", "status": "Revisado", "professionals": [1, 2, 4, 5, 6, 7, 8, 9, 10, 11], "suggestion_start_date": "2023-09-29T00:00:00Z", "suggestion_end_date": "2023-09-18T00:00:00Z", "voting_start_date": "2023-05-31T00:00:00Z", "voting_end_date": "2023-07-15T00:00:00Z"}}, {"model": "organizations.organization", "pk": 1, "fields": {"name": "Colegio Oficial de Arquitectos de Sevilla", "telephone_number": "955123456", "address": "Calle San Fernando", "email": "coasevilla@gmail.com", "zip_code": 41004}}, {"model": "organizations.organization", "pk": 2, "fields": {"name": "Asociaci\u00f3n de Ingenieros de Caminos de Sevilla", "telephone_number": "955654321", "address": "Plaza Nueva", "email": "aicsevilla@gmail.com", "zip_code": 41001}}, {"model": "organizations.organization", "pk": 3, "fields": {"name": "Centro de Recursos Educativos para Personas con Discapacidad", "telephone_number": "955987654", "address": "Avenida Manuel Siurot", "email": "cree.discapacidad@gmail.com", "zip_code": 41013}}, {"model": "organizations.organization", "pk": 4, "fields": {"name": "Asociaci\u00f3n de Arquitectos Urbanistas de Sevilla", "telephone_number": "955555555", "address": "Carretera de Utrera", "email": "aausevilla@gmail.com", "zip_code": 41013}}, {"model": "organizations.organization", "pk": 5, "fields": {"name": "Fundaci\u00f3n S\u00edndrome de Down Sevilla", "telephone_number": "954987654", "address": "Avenida de Heli\u00f3polis", "email": "downsevilla@gmail.com", "zip_code": 41012}}, {"model": "organizations.organization", "pk": 6, "fields": {"name": "Asociaci\u00f3n de Ingenieros T\u00e9cnicos de Obras P\u00fablicas de Sevilla", "telephone_number": "954123456", "address": "Calle Sevilla F\u00fatbol Club", "email": "aitopsevilla@gmail.com", "zip_code": 41005}}, {"model": "organizations.organization", "pk": 7, "fields": {"name": "Fundaci\u00f3n ONCE para la Cooperaci\u00f3n e Inclusi\u00f3n Social de Personas con Discapacidad", "telephone_number": "955112233", "address": "Monasterio de la Cartuja", "email": "fundaciononce@gmail.com", "zip_code": 41092}}, {"model": "organizations.organization", "pk": 8, "fields": {"name": "Centro de Investigaciones Sociales y Discapacidad", "telephone_number": "955332211", "address": "Calle Am\u00e9rico Vespucio", "email": "cisdiscapacidad@gmail.com", "zip_code": 41092}}, {"model": "organizations.organization", "pk": 9, "fields": {"name": "Asociaci\u00f3n de Arquitectos Paisajistas de Sevilla", "telephone_number": "954556677", "address": "Calle San Juan de Ribera", "email": "aapsevilla@gmail.com", "zip_code": 41009}}, {"model": "organizations.organization", "pk": 10, "fields": {"name": "Asociaci\u00f3n de Ingenieros Industriales de Sevilla", "telephone_number": "954444555", "address": "Avenida de la Constituci\u00f3n", "email": "aiisevilla@gmail.com", "zip_code": 41004}}, {"model": "professionals.professional", "pk": 2, "fields": {"username": "mariagomez", "first_name": "Mar\u00eda", "last_name": "G\u00f3mez", "is_staff": false, "is_active": true, "date_joined": "2023-06-08T00:00:00Z", "password": "mariagomez", "telephone_number": "612345678", "license_number": 79185246301478925641, "organizations": 10, "email": "mariagomez@gmail.com", "profile_picture": ""}}, {"model": "professionals.professional", "pk": 3, "fields": {"username": "javiermartinez", "first_name": "Javier", "last_name": "Mart\u00ednez", "is_staff": false, "is_active": true, "date_joined": "2023-04-22T00:00:00Z", "password": "javiermartinez", "telephone_number": "645231897", "license_number": 36987451203548796521, "organizations": 6, "email": "javiermartinez@gmail.com", "profile_picture": ""}}, {"model": "professionals.professional", "pk": 4, "fields": {"username": "antoniohernandez", "first_name": "Antonio", "last_name": "Hern\u00e1ndez", "is_staff": false, "is_active": true, "date_joined": "2023-06-05T00:00:00Z", "password": "antoniohernandez", "telephone_number": "678912345", "license_number": 96325874102369874120, "organizations": 4, "email": "antoniohernandez@gmail.com", "profile_picture": ""}}, {"model": "professionals.professional", "pk": 5, "fields": {"username": "isabelfernandez", "first_name": "Isabel", "last_name": "Fern\u00e1ndez", "is_staff": false, "is_active": true, "date_joined": "2024-02-19T00:00:00Z", "password": "isabelfernandez", "telephone_number": "689345678", "license_number": 85203698741023698741, "organizations": 2, "email": "isabelfernandez@gmail.com", "profile_picture": ""}}, {"model": "professionals.professional", "pk": 6, "fields": {"username": "mariajoselopez", "first_name": "Mar\u00eda Jos\u00e9", "last_name": "L\u00f3pez", "is_staff": false, "is_active": true, "date_joined": "2023-05-23T00:00:00Z", "password": "mariajoselopez", "telephone_number": "612345987", "license_number": 12369874102369874102, "organizations": 7, "email": "mariajoselopez@gmail.com", "profile_picture": ""}}, {"model": "professionals.professional", "pk": 7, "fields": {"username": "manuelgarcia", "first_name": "Manuel", "last_name": "Garc\u00eda", "is_staff": false, "is_active": true, "date_joined": "2023-10-01T00:00:00Z", "password": "manuelgarcia", "telephone_number": "679845612", "license_number": 98741023698741023698, "organizations": 7, "email": "manuelgarcia@gmail.com", "profile_picture": ""}}, {"model": "professionals.professional", "pk": 8, "fields": {"username": "anamartin", "first_name": "Ana", "last_name": "Mart\u00edn", "is_staff": false, "is_active": true, "date_joined": "2023-03-12T00:00:00Z", "password": "anamartin", "telephone_number": "634589721", "license_number": 45612398741023698741, "organizations": 8, "email": "anamartin@gmail.com", "profile_picture": ""}}, {"model": "professionals.professional", "pk": 9, "fields": {"username": "franciscosanchez", "first_name": "Francisco", "last_name": "S\u00e1nchez", "is_staff": false, "is_active": true, "date_joined": "2024-03-03T00:00:00Z", "password": "franciscosanchez", "telephone_number": "657894512", "license_number": 78941023698741023698, "organizations": 9, "email": "franciscosanchez@gmail.com", "profile_picture": ""}}, {"model": "professionals.professional", "pk": 10, "fields": {"username": "joseluisrodriguez", "first_name": "Jos\u00e9 Luis", "last_name": "Rodr\u00edguez", "is_staff": false, "is_active": true, "date_joined": "2023-06-01T00:00:00Z", "password": "joseluisrodriguez", "telephone_number": "678954123", "license_number": 65478941023698741023, "organizations": 10, "email": "joseluisrodriguez@gmail.com", "profile_picture": ""}}, {"model": "professionals.professional", "pk": 11, "fields": {"username": "miguelangelhernandez", "first_name": "Miguel \u00c1ngel", "last_name": "Hern\u00e1ndez", "is_staff": false, "is_active": true, "date_joined": "2024-01-17T00:00:00Z", "password": "miguelangelhernandez", "telephone_number": "636589742", "license_number": 14785236987410236541, "organizations": 5, "email": "miguelangelhernandez@gmail.com", "profile_picture": ""}}, {"model": "professionals.professional", "pk": 12, "fields": {"username": "rafaelgonzalez", "first_name": "Rafael", "last_name": "Gonz\u00e1lez", "is_staff": false, "is_active": true, "date_joined": "2023-03-22T00:00:00Z", "password": "rafaelgonzalez", "telephone_number": "615874963", "license_number": 32165498741023698741, "organizations": 9, "email": "rafaelgonzalez@gmail.com", "profile_picture": ""}}, {"model": "professionals.professional", "pk": 13, "fields": {"username": "pablosanchez", "first_name": "Pablo", "last_name": "S\u00e1nchez", "is_staff": false, "is_active": true, "date_joined": "2024-01-09T00:00:00Z", "password": "pablosanchez", "telephone_number": "632587419", "license_number": 10236547896521458963, "organizations": 4, "email": "pablosanchez@gmail.com", "profile_picture": ""}}, {"model": "professionals.professional", "pk": 14, "fields": {"username": "fernandogomez", "first_name": "Fernando", "last_name": "G\u00f3mez", "is_staff": false, "is_active": true, "date_joined": "2023-03-10T00:00:00Z", "password": "fernandogomez", "telephone_number": "689457123", "license_number": 78965412369874102536, "organizations": 9, "email": "fernandogomez@gmail.com", "profile_picture": ""}}, {"model": "professionals.professional", "pk": 15, "fields": {"username": "isabelmariagarcia", "first_name": "Isabel Mar\u00eda", "last_name": "Garc\u00eda", "is_staff": false, "is_active": true, "date_joined": "2024-01-04T00:00:00Z", "password": "isabelmariagarcia", "telephone_number": "645783219", "license_number": 32145698741023698741, "organizations": 5, "email": "isabelmariagarcia@gmail.com", "profile_picture": ""}}, {"model": "professionals.professional", "pk": 16, "fields": {"username": "josemanuelmartinez", "first_name": "Jos\u00e9 Manuel", "last_name": "Mart\u00ednez", "is_staff": false, "is_active": true, "date_joined": "2023-08-22T00:00:00Z", "password": "josemanuelmartinez", "telephone_number": "678954123", "license_number": 10236547896521023698, "organizations": 1, "email": "josemanuelmartinez@gmail.com", "profile_picture": ""}}, {"model": "professionals.professional", "pk": 17, "fields": {"username": "carmengonzalez", "first_name": "Carmen", "last_name": "Gonz\u00e1lez", "is_staff": false, "is_active": true, "date_joined": "2023-05-28T00:00:00Z", "password": "carmengonzalez", "telephone_number": "645789123", "license_number": 98741023698741023698, "organizations": 1, "email": "carmengonzalez@gmail.com", "profile_picture": ""}}, {"model": "professionals.professional", "pk": 18, "fields": {"username": "juanmartinez", "first_name": "Juan", "last_name": "Mart\u00ednez", "is_staff": false, "is_active": true, "date_joined": "2023-09-09T00:00:00Z", "password": "juanmartinez", "telephone_number": "689457123", "license_number": 32165498741023698741, "organizations": 7, "email": "juanmartinez@gmail.com", "profile_picture": ""}}, {"model": "professionals.professional", "pk": 19, "fields": {"username": "manuelasanchez", "first_name": "Manuela", "last_name": "S\u00e1nchez", "is_staff": false, "is_active": true, "date_joined": "2023-10-13T00:00:00Z", "password": "manuelasanchez", "telephone_number": "678912345", "license_number": 10236547896521478963, "organizations": 5, "email": "manuelasanchez@gmail.com", "profile_picture": ""}}, {"model": "professionals.professional", "pk": 20, "fields": {"username": "manueljosemartinez", "first_name": "Manuel Jos\u00e9", "last_name": "Mart\u00ednez", "is_staff": false, "is_active": true, "date_joined": "2023-11-04T00:00:00Z", "password": "manueljosemartinez", "telephone_number": "678945123", "license_number": 98741023698741025636, "organizations": 2, "email": "manueljosemartinez@gmail.com", "profile_picture": ""}}, {"model": "professionals.professional", "pk": 21, "fields": {"username": "joseluismartinez", "first_name": "Jos\u00e9 Luis", "last_name": "Mart\u00ednez", "is_staff": false, "is_active": true, "date_joined": "2023-12-15T00:00:00Z", "password": "joseluismartinez", "telephone_number": "678956321", "license_number": 98741023698741023698, "organizations": 3, "email": "joseluismartinez@gmail.com", "profile_picture": ""}}]