[{"model": "chat_messages.chatmessage", "pk": 1, "fields": {"document": 1, "author": 1, "content": "Hola", "post_date": "2024-04-09T00:00:00Z"}}, {"model": "chat_messages.chatmessage", "pk": 2, "fields": {"document": 2, "author": 1, "content": "Hola", "post_date": "2024-04-09T00:00:00Z"}}, {"model": "chat_messages.chatmessage", "pk": 3, "fields": {"document": 2, "author": 6, "content": "Hola", "post_date": "2024-04-09T00:00:00Z"}}, {"model": "chat_messages.chatmessage", "pk": 4, "fields": {"document": 4, "author": 2, "content": "Hola", "post_date": "2024-04-09T00:00:00Z"}}, {"model": "chat_messages.chatmessage", "pk": 5, "fields": {"document": 4, "author": 3, "content": "Hola", "post_date": "2024-04-09T00:00:00Z"}}, {"model": "chat_messages.chatmessage", "pk": 6, "fields": {"document": 4, "author": 4, "content": "Hola", "post_date": "2024-04-09T00:00:00Z"}}, {"model": "chat_messages.chatmessage", "pk": 7, "fields": {"document": 5, "author": 5, "content": "Hola", "post_date": "2024-04-09T00:00:00Z"}}, {"model": "chat_messages.chatmessage", "pk": 8, "fields": {"document": 5, "author": 6, "content": "Hola", "post_date": "2024-04-09T00:00:00Z"}}, {"model": "chat_messages.chatmessage", "pk": 9, "fields": {"document": 5, "author": 7, "content": "Hola", "post_date": "2024-04-09T00:00:00Z"}}, {"model": "chat_messages.chatmessage", "pk": 9, "fields": {"document": 5, "author": 8, "content": "Hola", "post_date": "2024-04-09T00:00:00Z"}}, {"model": "documents.document", "pk": 1, "fields": {"name": "Plan de Accesibilidad Tomares", "pdf_file": "pdfs/Plan-de-Accesibilidad-Osuna.pdf", "ubication": "Tomares", "status": "Borrador", "professionals": [1, 3, 5, 7], "checked_professionals": [], "suggestion_start_date": "2024-05-30T00:00:00Z", "suggestion_end_date": "2024-06-06T00:00:00Z", "voting_start_date": "2024-06-06T00:00:00Z", "voting_end_date": "2024-06-30T00:00:00Z"}}, {"model": "documents.document", "pk": 2, "fields": {"name": "Plan de Accesibilidad Carmona", "pdf_file": "pdfs/Plan-de-Accesibilidad-Osuna.pdf", "ubication": "Carmona", "status": "Aportaciones", "professionals": [2, 4, 6, 8], "checked_professionals": [], "suggestion_start_date": "2024-04-06T00:00:00Z", "suggestion_end_date": "2024-05-29T00:00:00Z", "voting_start_date": "2024-05-30T00:00:00Z", "voting_end_date": "2024-06-11T00:00:00Z"}}, {"model": "documents.document", "pk": 3, "fields": {"name": "Plan de Accesibilidad Dos Hermanas", "pdf_file": "pdfs/Plan-de-Accesibilidad-Osuna.pdf", "ubication": "Dos Hermanas", "status": "Votaciones", "professionals": [1, 2, 3, 6, 7, 8], "checked_professionals": [], "suggestion_start_date": "2024-03-15T00:00:00Z", "suggestion_end_date": "2024-04-02T00:00:00Z", "voting_start_date": "2024-04-02T00:00:00Z", "voting_end_date": "2024-05-30T00:00:00Z"}}, {"model": "documents.document", "pk": 4, "fields": {"name": "Plan de Accesibilidad Coria del Rio", "pdf_file": "pdfs/Plan-de-Accesibilidad-Osuna.pdf", "ubication": "Coria del Rio", "status": "En revisi\u00f3n", "professionals": [1, 2, 3, 4, 5], "checked_professionals": [], "suggestion_start_date": "2024-03-18T00:00:00Z", "suggestion_end_date": "2024-03-21T00:00:00Z", "voting_start_date": "2024-03-21T00:00:00Z", "voting_end_date": "2024-04-01T00:00:00Z"}}, {"model": "documents.document", "pk": 5, "fields": {"name": "Plan de Accesibilidad Osuna", "pdf_file": "pdfs/Plan-de-Accesibilidad-Osuna.pdf", "ubication": "Osuna", "status": "Revisado", "professionals": [4, 5, 6, 7, 8], "checked_professionals": [4, 6, 8], "suggestion_start_date": "2024-03-22T00:00:00Z", "suggestion_end_date": "2024-03-28T00:00:00Z", "voting_start_date": "2024-03-28T00:00:00Z", "voting_end_date": "2024-04-04T00:00:00Z"}}, {"model": "calendars.events", "pk": 1, "fields": {"creator": 100, "title": "Inicio Plan de Accesibilidad Tomares", "description": "Inicio periodo aportaciones", "datetime": "2024-05-30T00:00:00Z", "document": 1, "type": "aportaciones"}}, {"model": "calendars.events", "pk": 2, "fields": {"creator": 100, "title": "Final Plan de Accesibilidad Tomares", "description": "Final periodo aportaciones", "datetime": "2024-06-06T00:00:00Z", "document": 1, "type": "aportaciones"}}, {"model": "calendars.events", "pk": 3, "fields": {"creator": 100, "title": "Inicio Plan de Accesibilidad Tomares", "description": "Inicio periodo votaciones", "datetime": "2024-06-06T00:00:00Z", "document": 1, "type": "votaciones"}}, {"model": "calendars.events", "pk": 4, "fields": {"creator": 100, "title": "Final Plan de Accesibilidad Tomares", "description": "Final periodo votaciones", "datetime": "2024-06-30T00:00:00Z", "document": 1, "type": "votaciones"}}, {"model": "calendars.events", "pk": 5, "fields": {"creator": 100, "title": "Inicio Plan de Accesibilidad Carmona", "description": "Inicio periodo aportaciones", "datetime": "2024-04-06T00:00:00Z", "document": 2, "type": "aportaciones"}}, {"model": "calendars.events", "pk": 6, "fields": {"creator": 100, "title": "Final Plan de Accesibilidad Carmona", "description": "Final periodo aportaciones", "datetime": "2024-05-29T00:00:00Z", "document": 2, "type": "aportaciones"}}, {"model": "calendars.events", "pk": 7, "fields": {"creator": 100, "title": "Inicio Plan de Accesibilidad Carmona", "description": "Inicio periodo votaciones", "datetime": "2024-05-30T00:00:00Z", "document": 2, "type": "votaciones"}}, {"model": "calendars.events", "pk": 8, "fields": {"creator": 100, "title": "Final Plan de Accesibilidad Carmona", "description": "Final periodo votaciones", "datetime": "2024-06-11T00:00:00Z", "document": 2, "type": "votaciones"}}, {"model": "calendars.events", "pk": 9, "fields": {"creator": 100, "title": "Inicio Plan de Accesibilidad Dos Hermanas", "description": "Inicio periodo aportaciones", "datetime": "2024-03-15T00:00:00Z", "document": 3, "type": "aportaciones"}}, {"model": "calendars.events", "pk": 10, "fields": {"creator": 100, "title": "Final Plan de Accesibilidad Dos Hermanas", "description": "Final periodo aportaciones", "datetime": "2024-04-02T00:00:00Z", "document": 3, "type": "aportaciones"}}, {"model": "calendars.events", "pk": 11, "fields": {"creator": 100, "title": "Inicio Plan de Accesibilidad Dos Hermanas", "description": "Inicio periodo votaciones", "datetime": "2024-04-02T00:00:00Z", "document": 3, "type": "votaciones"}}, {"model": "calendars.events", "pk": 12, "fields": {"creator": 100, "title": "Final Plan de Accesibilidad Dos Hermanas", "description": "Final periodo votaciones", "datetime": "2024-05-30T00:00:00Z", "document": 3, "type": "votaciones"}}, {"model": "calendars.events", "pk": 13, "fields": {"creator": 100, "title": "Inicio Plan de Accesibilidad Coria del Rio", "description": "Inicio periodo aportaciones", "datetime": "2024-03-18T00:00:00Z", "document": 4, "type": "aportaciones"}}, {"model": "calendars.events", "pk": 14, "fields": {"creator": 100, "title": "Final Plan de Accesibilidad Coria del Rio", "description": "Final periodo aportaciones", "datetime": "2024-03-21T00:00:00Z", "document": 4, "type": "aportaciones"}}, {"model": "calendars.events", "pk": 15, "fields": {"creator": 100, "title": "Inicio Plan de Accesibilidad Coria del Rio", "description": "Inicio periodo votaciones", "datetime": "2024-03-21T00:00:00Z", "document": 4, "type": "votaciones"}}, {"model": "calendars.events", "pk": 16, "fields": {"creator": 100, "title": "Final Plan de Accesibilidad Coria del Rio", "description": "Final periodo votaciones", "datetime": "2024-04-01T00:00:00Z", "document": 4, "type": "votaciones"}}, {"model": "calendars.events", "pk": 17, "fields": {"creator": 100, "title": "Inicio Plan de Accesibilidad Osuna", "description": "Inicio periodo aportaciones", "datetime": "2024-03-22T00:00:00Z", "document": 5, "type": "aportaciones"}}, {"model": "calendars.events", "pk": 18, "fields": {"creator": 100, "title": "Final Plan de Accesibilidad Osuna", "description": "Final periodo aportaciones", "datetime": "2024-03-28T00:00:00Z", "document": 5, "type": "aportaciones"}}, {"model": "calendars.events", "pk": 19, "fields": {"creator": 100, "title": "Inicio Plan de Accesibilidad Osuna", "description": "Inicio periodo votaciones", "datetime": "2024-03-28T00:00:00Z", "document": 5, "type": "votaciones"}}, {"model": "calendars.events", "pk": 20, "fields": {"creator": 100, "title": "Final Plan de Accesibilidad Osuna", "description": "Final periodo votaciones", "datetime": "2024-04-04T00:00:00Z", "document": 5, "type": "votaciones"}}, {"model": "organizations.organization", "pk": 1, "fields": {"name": "Colegio Oficial de Arquitectos de Sevilla", "telephone_number": "955123456", "address": "Calle San Fernando", "email": "coasevilla@gmail.com", "zip_code": 41004}}, {"model": "organizations.organization", "pk": 2, "fields": {"name": "Asociaci\u00f3n de Arquitectos Urbanistas de Sevilla", "telephone_number": "955555555", "address": "Carretera de Utrera", "email": "aausevilla@gmail.com", "zip_code": 41013}}, {"model": "organizations.organization", "pk": 3, "fields": {"name": "Asociaci\u00f3n de Ingenieros T\u00e9cnicos de Obras P\u00fablicas de Sevilla", "telephone_number": "954123456", "address": "Calle Sevilla F\u00fatbol Club", "email": "aitopsevilla@gmail.com", "zip_code": 41005}}, {"model": "organizations.organization", "pk": 4, "fields": {"name": "Asociaci\u00f3n de Ingenieros Industriales de Sevilla", "telephone_number": "954444555", "address": "Avenida de la Constituci\u00f3n", "email": "aiisevilla@gmail.com", "zip_code": 41004}}, {"model": "professionals.professional", "pk": 100, "fields": {"username": "admin", "is_staff": true, "is_active": true, "is_superuser": true, "date_joined": "2023-01-01T00:00:00Z", "password": "pbkdf2_sha256$600000$eGWW9tYC2sgJW4RGrN1meo$E6cKElK8+0sKAFhEDwwvOFcJ+GlLBkDv+JTsY9Hy54U=", "email": "admin@gmail.com", "terms_accepted": true}}, {"model": "professionals.professional", "pk": 1, "fields": {"username": "mariagomez", "first_name": "Mar\u00eda", "last_name": "G\u00f3mez", "is_staff": false, "is_active": true, "date_joined": "2023-01-15T00:00:00Z", "password": "pbkdf2_sha256$600000$p6impBnfzxUUfMjDOOHSyf$kv7919GeA/a1BWIjvSgnbOYrIZPfcfxnguW6kwSNZQE=", "telephone_number": "612345678", "license_number": 79185246301478925641, "organizations": 1, "email": "mariagomez@gmail.com", "profile_picture": ""}}, {"model": "professionals.professional", "pk": 2, "fields": {"username": "javiermartinez", "first_name": "Javier", "last_name": "Mart\u00ednez", "is_staff": false, "is_active": true, "date_joined": "2023-01-07T00:00:00Z", "password": "pbkdf2_sha256$600000$ljH6f9fDzch0t7dyfOb5k7$zpKw/JYVvOFvCsyzFGYiOWQDSdHdjnAb20zN31wPbuo=", "telephone_number": "645231897", "license_number": 36987451203548796521, "organizations": 2, "email": "javiermartinez@gmail.com", "profile_picture": ""}}, {"model": "professionals.professional", "pk": 3, "fields": {"username": "franciscosanchez", "first_name": "Francisco", "last_name": "S\u00e1nchez", "is_staff": false, "is_active": true, "date_joined": "2023-01-20T00:00:00Z", "password": "pbkdf2_sha256$600000$wuULLeElCVnMNrd2Ca9Z8V$zMotYZeUem7zXGEfhnzFkdbGLsvkOrs7QhIR5FzovOc=", "telephone_number": "657894512", "license_number": 78941023698741023698, "organizations": 3, "email": "franciscosanchez@gmail.com", "profile_picture": ""}}, {"model": "professionals.professional", "pk": 4, "fields": {"username": "antoniohernandez", "first_name": "Antonio", "last_name": "Hern\u00e1ndez", "is_staff": false, "is_active": true, "date_joined": "2023-01-12T00:00:00Z", "password": "pbkdf2_sha256$600000$Zk8NVIg8U3Nx2bcPuHNSRO$ycfqZKLy2jmzofXA7YdgLgK8rEhwE5J/UsKI1xm8t1s=", "telephone_number": "678912345", "license_number": 96325874102369874120, "organizations": 4, "email": "antoniohernandez@gmail.com", "profile_picture": ""}}, {"model": "professionals.professional", "pk": 5, "fields": {"username": "isabelfernandez", "first_name": "Isabel", "last_name": "Fern\u00e1ndez", "is_staff": false, "is_active": true, "date_joined": "2023-01-29T00:00:00Z", "password": "pbkdf2_sha256$600000$GdWFedbwJaH0TM2pMw8QxH$dcFYg0r7is6QblV2yZzHIyqKiww3MXdY9f1wrOMkOjA=", "telephone_number": "689345678", "license_number": 85203698741023698741, "organizations": 1, "email": "isabelfernandez@gmail.com", "profile_picture": ""}}, {"model": "professionals.professional", "pk": 6, "fields": {"username": "mariajoselopez", "first_name": "Mar\u00eda Jos\u00e9", "last_name": "L\u00f3pez", "is_staff": false, "is_active": true, "date_joined": "2023-01-25T00:00:00Z", "password": "pbkdf2_sha256$600000$vZOC25nTm6HcwVf9DHhZSe$HKsGZp2Rr9JiQkBenlN7L7uyx2UITZkev9mGSUiAQVM=", "telephone_number": "612345987", "license_number": 12369874102369874102, "organizations": 2, "email": "mariajoselopez@gmail.com", "profile_picture": ""}}, {"model": "professionals.professional", "pk": 7, "fields": {"username": "manuelgarcia", "first_name": "Manuel", "last_name": "Garc\u00eda", "is_staff": false, "is_active": true, "date_joined": "2023-01-01T00:00:00Z", "password": "pbkdf2_sha256$600000$zOynNaZVM5rj11OcYl5ES6$bv88jBDjpkZOq7GaFwjGdFefNrta5xKoI2+cQ0E1vGY=", "telephone_number": "679845612", "license_number": 98741023698741023698, "organizations": 3, "email": "manuelgarcia@gmail.com", "profile_picture": ""}}, {"model": "professionals.professional", "pk": 8, "fields": {"username": "anamartin", "first_name": "Ana", "last_name": "Mart\u00edn", "is_staff": false, "is_active": true, "date_joined": "2023-01-03T00:00:00Z", "password": "pbkdf2_sha256$600000$vWHWOLCZjY9e1ILOYqQBgm$u1fFKbHJIuXXGljx13ydJFOaM3M0rvSJKgV+EXNVQnE=", "telephone_number": "634589721", "license_number": 45612398741023698741, "organizations": 4, "email": "anamartin@gmail.com", "profile_picture": ""}}, {"model": "suggestions.suggestion", "pk": 1, "fields": {"main": "Instalaci\u00f3n de rampas", "justification": "Las rampas son fundamentales para permitir el acceso a personas con movilidad reducida, facilitando su desplazamiento dentro de las instalaciones.", "relevance": "Poco Importante", "section": "", "page": 1, "date": "2024-04-07", "professional": 2, "document": 2}}, {"model": "suggestions.suggestion", "pk": 2, "fields": {"main": "Se\u00f1alizaci\u00f3n en Braille", "justification": "La se\u00f1alizaci\u00f3n en Braille es esencial para garantizar la accesibilidad a personas con discapacidad visual, permiti\u00e9ndoles navegar de manera independiente por las instalaciones.", "relevance": "Importante", "section": "", "page": 2, "date": "2024-04-08", "professional": 4, "document": 2}}, {"model": "suggestions.suggestion", "pk": 3, "fields": {"main": "Ampliaci\u00f3n de puertas", "justification": "Ampliar el ancho de las puertas facilitar\u00e1 el acceso a personas con sillas de ruedas o dispositivos de asistencia, mejorando la experiencia de usuario y cumpliendo con normativas de accesibilidad.", "relevance": "Muy Importante", "section": "", "page": 3, "date": "2024-03-16", "professional": 1, "document": 3}}, {"model": "suggestions.suggestion", "pk": 4, "fields": {"main": "Instalaci\u00f3n de ascensores", "justification": "La instalaci\u00f3n de ascensores es crucial para permitir el acceso a personas con movilidad reducida a diferentes niveles de un edificio, garantizando la accesibilidad universal.", "relevance": "Poco Importante", "section": "", "page": 4, "date": "2024-03-17", "professional": 3, "document": 3}}, {"model": "suggestions.suggestion", "pk": 5, "fields": {"main": "Aumento de espacios de estacionamiento accesibles", "justification": "Incrementar el n\u00famero de espacios de estacionamiento accesibles promueve la inclusi\u00f3n y facilita la movilidad de personas con discapacidad, mejorando la accesibilidad del entorno.", "relevance": "Importante", "section": "", "page": 5, "date": "2024-03-21", "professional": 4, "document": 4}}, {"model": "suggestions.suggestion", "pk": 6, "fields": {"main": "Adaptaci\u00f3n de ba\u00f1os", "justification": "La adaptaci\u00f3n de ba\u00f1os con equipamiento adecuado es esencial para garantizar la dignidad y autonom\u00eda de personas con discapacidad, cumpliendo con est\u00e1ndares de accesibilidad.", "relevance": "Muy Importante", "section": "", "page": 6, "date": "2024-03-22", "professional": 5, "document": 4}}, {"model": "suggestions.suggestion", "pk": 7, "fields": {"main": "Mejora de accesos peatonales", "justification": "La mejora de accesos peatonales mediante la eliminaci\u00f3n de barreras arquitect\u00f3nicas facilita la movilidad de personas con discapacidad, promoviendo la inclusi\u00f3n y la igualdad de oportunidades.", "relevance": "Poco Importante", "section": "", "page": 7, "date": "2024-03-19", "professional": 7, "document": 5}}, {"model": "suggestions.suggestion", "pk": 8, "fields": {"main": "Instalaci\u00f3n de pasamanos", "justification": "La instalaci\u00f3n de pasamanos en escaleras y pasillos facilita el desplazamiento seguro de personas con movilidad reducida, reduciendo riesgos de ca\u00eddas y promoviendo la autonom\u00eda.", "relevance": "Importante", "section": "", "page": 8, "date": "2024-03-20", "professional": 8, "document": 5}}, {"model": "votings.voting", "pk": 1, "fields": {"vote": true, "date": "2024-04-03", "justification": "Estoy de acuerdo con la propuesta", "professional": 2, "suggestion": 3}}, {"model": "votings.voting", "pk": 2, "fields": {"vote": false, "date": "2024-04-04", "justification": "No estoy de acuerdo con la propuesta", "professional": 2, "suggestion": 4}}, {"model": "votings.voting", "pk": 3, "fields": {"vote": true, "date": "2024-03-22", "justification": "Estoy de acuerdo con la propuesta", "professional": 3, "suggestion": 5}}, {"model": "votings.voting", "pk": 4, "fields": {"vote": false, "date": "2024-03-23", "justification": "No estoy de acuerdo con la propuesta", "professional": 4, "suggestion": 6}}, {"model": "votings.voting", "pk": 5, "fields": {"vote": true, "date": "2024-03-29", "justification": "Estoy de acuerdo con la propuesta", "professional": 5, "suggestion": 7}}, {"model": "votings.voting", "pk": 6, "fields": {"vote": false, "date": "2024-03-30", "justification": "No estoy de acuerdo con la propuesta", "professional": 6, "suggestion": 8}}]